English Name,Latin Name,Refl_file,Trans_file,Plant Type,N,C_a,C_b,C_ab,C_car,C_anth,EWT,LMA,SPAD,T660,T720,T840,T940,T1300
Sycamore maple,Acer pseudoplatanus L.,an03r0001.txt,an03t0001.txt,2,1.31,9.53,3.01,12.54,4.33,-999,0.0122,0.0055,18.6,0.0821,0.2331,0.342,0.3401,0.2585
Sycamore maple,Acer pseudoplatanus L.,an03r0002.txt,an03t0002.txt,2,1.43,9.01,3.41,12.41,3.65,-999,0.012,0.0053,19.2,0.0905,0.2476,0.3524,0.3479,0.2678
Sycamore maple,Acer pseudoplatanus L.,an03r0003.txt,an03t0003.txt,2,1.55,19.36,6.45,25.81,6.5,-999,0.0106,0.0045,30.8,0.0516,0.2745,0.4209,0.4238,0.3362
Sycamore maple,Acer pseudoplatanus L.,an03r0004.txt,an03t0004.txt,2,1.65,18.66,5.47,24.13,6.9,-999,0.0109,0.0043,30.5,0.0448,0.222,0.369,0.3644,0.2772
Sycamore maple,Acer pseudoplatanus L.,an03r0005.txt,an03t0005.txt,2,1.44,12.16,4.96,17.12,4.91,-999,0.0104,0.004,21.9,0.0709,0.2415,0.335,0.3407,0.2586
Sycamore maple,Acer pseudoplatanus L.,an03r0006.txt,an03t0006.txt,2,1.53,9.21,4.34,13.54,3.85,-999,0.0102,0.004,20.8,0.0825,0.258,0.346,0.3775,0.2824
Sycamore maple,Acer pseudoplatanus L.,an03r0007.txt,an03t0007.txt,2,1.49,16.24,5.57,21.8,5.2,-999,0.0094,0.0039,25.4,0.0608,0.2461,0.3935,0.3877,0.2934
Sycamore maple,Acer pseudoplatanus L.,an03r0008.txt,an03t0008.txt,2,1.38,15.82,5.08,20.9,5.41,-999,0.0099,0.0038,25.3,0.0629,0.2494,0.3833,0.3925,0.3003
Sycamore maple,Acer pseudoplatanus L.,an03r0009.txt,an03t0009.txt,2,1.47,15.97,5.9,21.87,5.68,-999,0.0097,0.0042,25.9,0.0607,0.2455,0.3597,0.3759,0.293
Sycamore maple,Acer pseudoplatanus L.,an03r0010.txt,an03t0010.txt,2,1.42,15.18,4.99,20.16,5.55,-999,0.0075,0.0043,25.6,0.0577,0.2549,0.3527,0.3785,0.2906
Sycamore maple,Acer pseudoplatanus L.,an03r0011.txt,an03t0011.txt,2,1.48,17.12,5.52,22.64,5.12,-999,0.0083,0.0034,28.1,0.0496,0.2587,0.3618,0.3938,0.3075
Sycamore maple,Acer pseudoplatanus L.,an03r0012.txt,an03t0012.txt,2,1.42,15.32,4.9,20.22,4.95,-999,0.0087,0.0037,27.9,0.0518,0.2361,0.3664,0.3673,0.2809
Sycamore maple,Acer pseudoplatanus L.,an03r0013.txt,an03t0013.txt,2,1.53,15.74,5.54,21.28,5.6,-999,0.012,0.0036,29,0.0497,0.2735,0.375,0.4068,0.3134
Sycamore maple,Acer pseudoplatanus L.,an03r0014.txt,an03t0014.txt,2,1.49,14.18,5.44,19.61,5.56,-999,0.0116,0.0035,25.8,0.0573,0.2704,0.3688,0.3922,0.3099
Sycamore maple,Acer pseudoplatanus L.,an03r0015.txt,an03t0015.txt,2,1.59,22.9,7.33,30.23,8.49,-999,0.0121,0.0041,35,0.0373,0.2166,0.3637,0.3654,0.2786
Sycamore maple,Acer pseudoplatanus L.,an03r0016.txt,an03t0016.txt,2,1.55,23.66,7.78,31.44,8.44,-999,0.0114,0.0039,34.9,0.0352,0.2253,0.3926,0.383,0.2929
Sycamore maple,Acer pseudoplatanus L.,an03r0017.txt,an03t0017.txt,2,1.43,12.05,4.38,16.43,4.51,-999,0.0113,0.0033,21.6,0.0629,0.2596,0.3554,0.3629,0.285
Sycamore maple,Acer pseudoplatanus L.,an03r0018.txt,an03t0018.txt,2,1.49,9.88,3.36,13.23,4.4,-999,0.0115,0.0036,21.7,0.0665,0.2597,0.327,0.3573,0.2673
Sycamore maple,Acer pseudoplatanus L.,an03r0019.txt,an03t0019.txt,2,1.38,27.66,8.12,35.78,9.32,-999,0.0109,0.0043,37.5,0.0322,0.22,0.3553,0.3706,0.2883
Sycamore maple,Acer pseudoplatanus L.,an03r0020.txt,an03t0020.txt,2,1.52,24.74,7.77,32.51,9.11,-999,0.0111,0.0042,32.8,0.0362,0.2321,0.3631,0.3771,0.2892
Sycamore maple,Acer pseudoplatanus L.,an03r0021.txt,an03t0021.txt,2,1.56,9.34,3.61,12.95,3.59,-999,0.0103,0.0045,19,0.0912,0.2395,0.3293,0.3363,0.2593
Sycamore maple,Acer pseudoplatanus L.,an03r0022.txt,an03t0022.txt,2,1.44,10.24,3.86,14.11,3.75,-999,0.0112,0.0046,18,0.0931,0.2561,0.3724,0.3634,0.2748
Sycamore maple,Acer pseudoplatanus L.,an03r0023.txt,an03t0023.txt,2,1.62,21.1,6.79,27.88,6.98,-999,0.0118,0.0053,33,0.0364,0.2285,0.3713,0.3791,0.2817
Sycamore maple,Acer pseudoplatanus L.,an03r0024.txt,an03t0024.txt,2,1.6,22.01,7.06,29.07,7.93,-999,0.0111,0.0052,33.7,0.0342,0.2039,0.3174,0.3397,0.2536
Sycamore maple,Acer pseudoplatanus L.,an03r0025.txt,an03t0025.txt,2,1.57,10.75,3.8,14.55,4.98,-999,0.0131,0.005,20.7,0.0739,0.2554,0.3558,0.3565,0.2646
Sycamore maple,Acer pseudoplatanus L.,an03r0026.txt,an03t0026.txt,2,1.28,11.59,4.91,16.5,5.29,-999,0.0118,0.0094,22.6,0.0791,0.2523,0.3538,0.3619,0.2794
Sycamore maple,Acer pseudoplatanus L.,an03r0027.txt,an03t0027.txt,2,1.51,18.76,7.23,26,5.97,-999,0.0103,0.0041,27.4,0.0485,0.2245,0.3688,0.3679,0.2766
Sycamore maple,Acer pseudoplatanus L.,an03r0028.txt,an03t0028.txt,2,1.69,17.03,6.23,23.26,5.89,-999,0.0102,0.0042,28,0.0517,0.2527,0.3906,0.383,0.3036
Sycamore maple,Acer pseudoplatanus L.,an03r0029.txt,an03t0029.txt,2,1.48,11.36,4.56,15.92,4.69,-999,0.0088,0.0036,22,0.0708,0.2579,0.3581,0.3733,0.2882
Sycamore maple,Acer pseudoplatanus L.,an03r0030.txt,an03t0030.txt,2,1.47,10.52,4.18,14.7,4.32,-999,0.0087,0.0039,21.2,0.0748,0.2583,0.3681,0.381,0.2927
Sycamore maple,Acer pseudoplatanus L.,an03r0031.txt,an03t0031.txt,2,1.6,20.69,7.21,27.9,7.63,-999,0.0096,0.004,33.4,0.0374,0.2391,0.3811,0.3907,0.2959
Sycamore maple,Acer pseudoplatanus L.,an03r0032.txt,an03t0032.txt,2,1.58,22.53,8.22,30.75,8.7,-999,0.0095,0.0041,34.3,0.0329,0.2232,0.3669,0.3838,0.2899
Sycamore maple,Acer pseudoplatanus L.,an03r0033.txt,an03t0033.txt,2,1.69,25.16,9.34,34.5,8.09,-999,0.0111,0.0047,35.4,0.0266,0.1794,0.3333,0.325,0.2415
Sycamore maple,Acer pseudoplatanus L.,an03r0034.txt,an03t0034.txt,2,1.46,7.86,2.68,10.54,3.78,-999,0.0114,0.0051,16.4,0.111,0.2647,0.3865,0.3769,0.2776
Sycamore maple,Acer pseudoplatanus L.,an03r0035.txt,an03t0035.txt,2,1.56,18.05,5.44,23.49,6.75,-999,0.0097,0.0042,28.9,0.0485,0.2685,0.3901,0.4066,0.319
Sycamore maple,Acer pseudoplatanus L.,an03r0036.txt,an03t0036.txt,2,1.39,24.64,7.67,32.3,7.28,-999,0.0064,0.0019,30.1,0.0436,0.23,0.3879,0.3896,0.3005
Sycamore maple,Acer pseudoplatanus L.,an03r0037.txt,an03t0037.txt,2,1.41,21.84,6.58,28.42,6.42,-999,0.0065,0.0018,31.2,0.0444,0.2131,0.3703,0.3654,0.2832
Sycamore maple,Acer pseudoplatanus L.,an03r0038.txt,an03t0038.txt,2,1.37,24.84,8.38,33.21,7.58,-999,0.0071,0.002,34.9,0.0343,0.2433,0.41,0.4098,0.318
Sycamore maple,Acer pseudoplatanus L.,an03r0039.txt,an03t0039.txt,2,1.25,17.8,6.33,24.13,6.08,-999,0.0067,0.0018,27.3,0.0628,0.2971,0.4084,0.4363,0.3363
Sycamore maple,Acer pseudoplatanus L.,an03r0040.txt,an03t0040.txt,2,1.22,17.82,6.24,24.06,5.93,-999,0.0067,0.0018,25.9,0.0702,0.2838,0.4545,0.4363,0.3339
Sycamore maple,Acer pseudoplatanus L.,an03r0041.txt,an03t0041.txt,2,1.54,33,11.58,44.58,10.22,-999,0.0083,0.0023,40.7,0.0205,0.1975,0.3564,0.3688,0.2743
Sycamore maple,Acer pseudoplatanus L.,an03r0042.txt,an03t0042.txt,2,1.49,32.67,11.79,44.46,9.94,-999,0.0084,0.0023,41.5,0.0248,0.2005,0.3681,0.3645,0.283
Sycamore maple,Acer pseudoplatanus L.,an03r0043.txt,an03t0043.txt,2,1.33,22.33,8.18,30.51,8.42,-999,0.0065,0.0018,31.3,0.041,0.2682,0.41,0.4376,0.3345
Sycamore maple,Acer pseudoplatanus L.,an03r0044.txt,an03t0044.txt,2,1.29,23.1,8.54,31.63,8.19,-999,0.0065,0.0019,32.6,0.0382,0.2535,0.3806,0.4079,0.3144
Sycamore maple,Acer pseudoplatanus L.,an03r0045.txt,an03t0045.txt,2,1.35,22.3,8.37,30.67,7.34,-999,0.0086,0.0021,31.8,0.04,0.2457,0.3731,0.3787,0.292
Sycamore maple,Acer pseudoplatanus L.,an03r0046.txt,an03t0046.txt,2,1.36,21.89,8.79,30.68,6.97,-999,0.0081,0.0019,32.8,0.0454,0.2624,0.3975,0.4166,0.3155
Sycamore maple,Acer pseudoplatanus L.,an03r0047.txt,an03t0047.txt,2,1.35,31.81,11.17,42.98,10.14,-999,0.0074,0.002,38.8,0.0292,0.2558,0.4186,0.4357,0.3417
Sycamore maple,Acer pseudoplatanus L.,an03r0048.txt,an03t0048.txt,2,1.34,31.36,10.54,41.9,10.4,-999,0.0076,0.0021,38.2,0.029,0.2426,0.3867,0.4149,0.3218
Sycamore maple,Acer pseudoplatanus L.,an03r0049.txt,an03t0049.txt,2,1.28,26.6,9.11,35.71,8.82,-999,0.0078,0.0026,36.3,0.0337,0.2484,0.3861,0.4109,0.3123
Sycamore maple,Acer pseudoplatanus L.,an03r0050.txt,an03t0050.txt,2,1.38,17.1,5.86,22.96,5.32,-999,0.0074,0.0019,22.8,0.0677,0.2569,0.3853,0.3926,0.3007
Sycamore maple,Acer pseudoplatanus L.,an03r0051.txt,an03t0051.txt,2,1.36,15.83,4.99,20.83,5.33,-999,0.0082,0.0024,23.3,0.0695,0.2838,0.4302,0.4252,0.3256
Sycamore maple,Acer pseudoplatanus L.,an03r0052.txt,an03t0052.txt,2,1.42,16.68,6.37,23.05,5.71,-999,0.0087,0.0022,27,0.0548,0.2471,0.3816,0.3745,0.2921
Sycamore maple,Acer pseudoplatanus L.,an03r0053.txt,an03t0053.txt,2,1.45,21.46,5.48,26.94,7.86,-999,0.0121,0.0046,29.5,0.0535,0.2398,0.3922,0.3987,0.3008
Sycamore maple,Acer pseudoplatanus L.,an03r0054.txt,an03t0054.txt,2,1.46,23.33,6.9,30.23,8.01,-999,0.0114,0.0048,31.3,0.0494,0.2331,0.393,0.3975,0.3007
Sycamore maple,Acer pseudoplatanus L.,an03r0055.txt,an03t0055.txt,2,1.53,36.12,9.47,45.59,12.02,-999,0.011,0.0047,42.7,0.0206,0.2043,0.3724,0.3895,0.2947
Sycamore maple,Acer pseudoplatanus L.,an03r0056.txt,an03t0056.txt,2,1.5,33.67,8.86,42.53,11.12,-999,0.0115,0.0049,41,0.0255,0.2145,0.3988,0.3985,0.3099
Sycamore maple,Acer pseudoplatanus L.,an03r0057.txt,an03t0057.txt,2,1.48,18.86,5.1,23.97,7.37,-999,0.0137,0.0046,28.8,0.0524,0.2467,0.4039,0.3928,0.3035
Sycamore maple,Acer pseudoplatanus L.,an03r0058.txt,an03t0058.txt,2,1.59,18.67,5.23,23.89,7.47,-999,0.0137,0.0048,28.6,0.0542,0.245,0.374,0.3822,0.2896
Sycamore maple,Acer pseudoplatanus L.,an03r0059.txt,an03t0059.txt,2,1.5,43.21,11.88,55.09,14.54,-999,0.0113,0.0046,46,0.0164,0.1986,0.3514,0.3877,0.2944
Sycamore maple,Acer pseudoplatanus L.,an03r0060.txt,an03t0060.txt,2,1.47,39.25,12.17,51.42,12.37,-999,0.0103,0.0038,44.4,0.0195,0.2103,0.3764,0.3973,0.3035
Sycamore maple,Acer pseudoplatanus L.,an03r0061.txt,an03t0061.txt,2,1.5,21.01,6.34,27.35,7.71,-999,0.0125,0.005,29.4,0.0586,0.2751,0.4421,0.4288,0.3444
Sycamore maple,Acer pseudoplatanus L.,an03r0062.txt,an03t0062.txt,2,1.47,24.28,7.15,31.42,8.69,-999,0.0126,0.0051,31,0.0485,0.2494,0.4076,0.4107,0.3164
Sycamore maple,Acer pseudoplatanus L.,an03r0063.txt,an03t0063.txt,2,1.5,30.01,8.4,38.41,10.62,-999,0.0109,0.0047,38.1,0.0282,0.2236,0.3794,0.391,0.303
Sycamore maple,Acer pseudoplatanus L.,an03r0064.txt,an03t0064.txt,2,1.46,32.41,8.98,41.39,10.86,-999,0.01,0.0041,40.9,0.0263,0.2206,0.3963,0.4027,0.3112
Sycamore maple,Acer pseudoplatanus L.,an03r0065.txt,an03t0065.txt,2,1.4,19.16,5.75,24.91,6.45,-999,0.0098,0.0036,28.9,0.0572,0.2445,0.3959,0.4014,0.3061
Sycamore maple,Acer pseudoplatanus L.,an03r0066.txt,an03t0066.txt,2,1.43,18.27,5.39,23.65,6.63,-999,0.0099,0.0041,29.4,0.0557,0.2508,0.3746,0.3981,0.3082
Sycamore maple,Acer pseudoplatanus L.,an03r0067.txt,an03t0067.txt,2,1.43,33.01,9.1,42.11,10.68,-999,0.0102,0.0037,41.6,0.0276,0.2237,0.39,0.4112,0.32
Sycamore maple,Acer pseudoplatanus L.,an03r0068.txt,an03t0068.txt,2,1.44,33.46,9.64,43.11,10.7,-999,0.0098,0.0034,41.2,0.0275,0.2271,0.409,0.4179,0.3206
Sycamore maple,Acer pseudoplatanus L.,an03r0069.txt,an03t0069.txt,2,1.44,17.47,5.63,23.1,6.35,-999,0.0109,0.0044,26.9,0.0629,0.2634,0.4075,0.4162,0.3172
Sycamore maple,Acer pseudoplatanus L.,an03r0070.txt,an03t0070.txt,2,1.38,16.37,5.23,21.61,5.84,-999,0.0098,0.0045,28,0.0605,0.2603,0.3835,0.4082,0.309
Sycamore maple,Acer pseudoplatanus L.,an03r0071.txt,an03t0071.txt,2,1.47,39.19,11.57,50.76,12.14,-999,0.0097,0.0049,44.9,0.0206,0.2112,0.3874,0.4088,0.3132
Sycamore maple,Acer pseudoplatanus L.,an03r0072.txt,an03t0072.txt,2,1.46,19.64,5.86,25.5,6.9,-999,0.0093,0.0046,44.1,0.0215,0.2085,0.3773,0.3996,0.3072
Sycamore maple,Acer pseudoplatanus L.,an03r0073.txt,an03t0073.txt,2,1.53,20.05,6.35,26.41,6.98,-999,0.0113,0.005,30.3,0.0474,0.241,0.3802,0.3872,0.2953
Sycamore maple,Acer pseudoplatanus L.,an03r0074.txt,an03t0074.txt,2,1.41,21.54,6.43,27.97,7.48,-999,0.011,0.0048,33,0.0432,0.2235,0.3976,0.386,0.2921
Sycamore maple,Acer pseudoplatanus L.,an03r0075.txt,an03t0075.txt,2,1.51,38.02,11.73,49.75,11.78,-999,0.0098,0.0042,42.7,0.0213,0.2124,0.3719,0.3989,0.3106
Sycamore maple,Acer pseudoplatanus L.,an03r0076.txt,an03t0076.txt,2,1.45,40.45,12.4,52.85,12.63,-999,0.0106,0.0044,44,0.0204,0.1983,0.3544,0.3831,0.2895
Sycamore maple,Acer pseudoplatanus L.,an03r0077.txt,an03t0077.txt,2,1.27,24.2,8.19,32.39,7.28,-999,0.0083,0.0029,31.5,0.043,0.2357,0.3917,0.4009,0.3041
Sycamore maple,Acer pseudoplatanus L.,an03r0078.txt,an03t0078.txt,2,1.26,25.72,8.08,33.8,7.57,-999,0.0085,0.0029,33.8,0.0427,0.2434,0.403,0.4166,0.3176
Sycamore maple,Acer pseudoplatanus L.,an03r0079.txt,an03t0079.txt,2,1.38,38.15,12.21,50.37,11.44,-999,0.0082,0.0027,41.8,0.0236,0.2049,0.4075,0.3948,0.3036
Sycamore maple,Acer pseudoplatanus L.,an03r0080.txt,an03t0080.txt,2,1.39,37.06,10.69,47.74,11.18,-999,0.0085,0.0029,40.3,0.0254,0.2091,0.4242,0.4098,0.31
Sycamore maple,Acer pseudoplatanus L.,an03r0081.txt,an03t0081.txt,2,1.27,21.38,7.02,28.41,6.22,-999,0.0088,0.0031,31.8,0.0487,0.2489,0.4119,0.4093,0.3151
Sycamore maple,Acer pseudoplatanus L.,an03r0082.txt,an03t0082.txt,2,1.25,21.04,6.66,27.7,6.32,-999,0.0088,0.0026,31.1,0.0467,0.2709,0.3733,0.4184,0.3313
Sycamore maple,Acer pseudoplatanus L.,an03r0083.txt,an03t0083.txt,2,1.52,31.03,9.51,40.54,8.89,-999,0.0078,0.0029,31.1,0.0268,0.2169,0.385,0.394,0.3036
Sycamore maple,Acer pseudoplatanus L.,an03r0084.txt,an03t0084.txt,2,1.45,34.5,11.22,45.72,9.98,-999,0.0083,0.0025,40.8,0.0272,0.2155,0.3995,0.3977,0.3046
Sycamore maple,Acer pseudoplatanus L.,an03r0085.txt,an03t0085.txt,2,1.39,27.22,8.73,35.95,8.13,-999,0.0088,0.0026,36.8,0.0305,0.2365,0.3925,0.4197,0.3169
Sycamore maple,Acer pseudoplatanus L.,an03r0086.txt,an03t0086.txt,2,1.38,27.12,9.2,36.32,8.2,-999,0.0088,0.0027,37.6,0.0326,0.2222,0.4081,0.4046,0.3059
Sycamore maple,Acer pseudoplatanus L.,an03r0087.txt,an03t0087.txt,2,1.41,39.87,12.69,52.56,11.41,-999,0.0085,0.0028,43.3,0.0209,0.2094,0.4137,0.4122,0.3199
Sycamore maple,Acer pseudoplatanus L.,an03r0088.txt,an03t0088.txt,2,1.31,41.22,12.89,54.11,12.02,-999,0.0085,0.0031,45.8,0.0185,0.2003,0.3957,0.4008,0.3061
Sycamore maple,Acer pseudoplatanus L.,an03r0089.txt,an03t0089.txt,2,1.31,27.52,9.29,36.81,8.15,-999,0.008,0.0023,35.8,0.0351,0.2373,0.4026,0.4091,0.3218
Sycamore maple,Acer pseudoplatanus L.,an03r0090.txt,an03t0090.txt,2,1.27,24.32,8.45,32.77,7.31,-999,0.008,0.0023,33.8,0.0369,0.2621,0.4316,0.4466,0.3437
Sycamore maple,Acer pseudoplatanus L.,an03r0091.txt,an03t0091.txt,2,1.34,39.01,12.57,51.58,11.59,-999,0.0084,0.0028,44.5,0.0205,0.222,0.4265,0.4287,0.3459
Sycamore maple,Acer pseudoplatanus L.,an03r0092.txt,an03t0092.txt,2,1.31,38.57,12.93,51.5,11.28,-999,0.0079,0.0028,43.9,0.0217,0.2201,0.4344,0.4326,0.3338
Sycamore maple,Acer pseudoplatanus L.,an03r0093.txt,an03t0093.txt,2,1.29,21.6,7.63,29.23,6.76,-999,0.0088,0.0021,31.5,0.0446,0.2582,0.3963,0.419,0.3207
Sycamore maple,Acer pseudoplatanus L.,an03r0094.txt,an03t0094.txt,2,1.27,22.35,7.67,30.02,6.87,-999,0.0089,0.0021,31.6,0.0433,0.2645,0.4194,0.431,0.3333
Sycamore maple,Acer pseudoplatanus L.,an03r0095.txt,an03t0095.txt,2,1.39,38.14,12.31,50.45,10.57,-999,0.0078,0.0025,44,0.0197,0.2232,0.4142,0.4276,0.3265
Sycamore maple,Acer pseudoplatanus L.,an03r0096.txt,an03t0096.txt,2,1.38,38.3,12.12,50.42,10.67,-999,0.0081,0.0025,45,0.0197,0.2182,0.4194,0.4253,0.3271
Sycamore maple,Acer pseudoplatanus L.,an03r0097.txt,an03t0097.txt,2,1.27,30.82,9.72,40.54,9.26,-999,0.0084,0.0024,36.6,0.0334,0.2515,0.4243,0.4378,0.3466
Sycamore maple,Acer pseudoplatanus L.,an03r0098.txt,an03t0098.txt,2,1.33,30.23,10.01,40.24,8.86,-999,0.0083,0.0024,35.7,0.0341,0.2422,0.4284,0.4314,0.3373
Sycamore maple,Acer pseudoplatanus L.,an03r0099.txt,an03t0099.txt,2,1.37,46.14,15.73,61.88,13.69,-999,0.0082,0.0029,47.3,0.0198,0.199,0.4247,0.409,0.316
Sycamore maple,Acer pseudoplatanus L.,an03r0100.txt,an03t0100.txt,2,1.35,43.19,13.75,56.94,13.16,-999,0.008,0.0026,47,0.0175,0.2081,0.3974,0.4193,0.3233
Sycamore maple,Acer pseudoplatanus L.,an03r0101.txt,an03t0101.txt,2,1.39,18.12,5.73,23.85,5.84,-999,0.0071,0.0029,27.9,0.0564,0.2763,0.412,0.4275,0.3369
Sycamore maple,Acer pseudoplatanus L.,an03r0102.txt,an03t0102.txt,2,1.43,16.69,4.88,21.56,5.52,-999,0.0078,0.0031,25.8,0.0612,0.2823,0.41,0.4244,0.3331
Sycamore maple,Acer pseudoplatanus L.,an03r0103.txt,an03t0103.txt,2,1.42,20.41,6.22,26.63,6.21,-999,0.0078,0.0029,29.2,0.0484,0.2633,0.3983,0.4132,0.3253
Sycamore maple,Acer pseudoplatanus L.,an03r0104.txt,an03t0104.txt,2,1.4,19.42,6.17,25.59,5.68,-999,0.0077,0.0026,30.1,0.0509,0.2791,0.4132,0.429,0.3398
Sycamore maple,Acer pseudoplatanus L.,an03r0105.txt,an03t0105.txt,2,1.27,8.66,3.07,11.72,3.65,-999,0.0092,0.0033,20.2,0.0985,0.3131,0.4188,0.4366,0.342
Sycamore maple,Acer pseudoplatanus L.,an03r0106.txt,an03t0106.txt,2,1.31,9.94,3.97,13.91,3.98,-999,0.0087,0.0032,19.9,0.0777,0.2548,0.3477,0.3623,0.2842
Sycamore maple,Acer pseudoplatanus L.,an03r0107.txt,an03t0107.txt,2,1.35,15.65,4.61,20.26,5.68,-999,0.0086,0.0029,26,0.0641,0.2824,0.4038,0.427,0.336
Sycamore maple,Acer pseudoplatanus L.,an03r0108.txt,an03t0108.txt,2,1.35,16.22,5.42,21.63,5.45,-999,0.0083,0.0027,25.2,0.066,0.2858,0.4139,0.4297,0.3397
Sycamore maple,Acer pseudoplatanus L.,an03r0109.txt,an03t0109.txt,2,1.39,10.73,4.13,14.86,4.1,-999,0.0097,0.0046,-999,0.0839,0.2961,0.4155,0.4175,0.3185
Sycamore maple,Acer pseudoplatanus L.,an03r0110.txt,an03t0110.txt,2,1.38,10.12,3.86,13.98,3.91,-999,0.01,0.0045,-999,0.085,0.2838,0.3804,0.3998,0.3071
Sycamore maple,Acer pseudoplatanus L.,an03r0111.txt,an03t0111.txt,2,1.58,15.62,5.53,21.15,5.41,-999,0.0092,0.0039,-999,0.0547,0.2131,0.3693,0.3489,0.2665
Sycamore maple,Acer pseudoplatanus L.,an03r0112.txt,an03t0112.txt,2,1.56,15.38,4.78,20.16,5.81,-999,0.0096,0.004,-999,0.0563,0.2432,0.3836,0.3797,0.2891
Sycamore maple,Acer pseudoplatanus L.,an03r0113.txt,an03t0113.txt,2,1.42,8.52,2.67,11.19,3.6,-999,0.0096,0.0044,-999,0.0878,0.2382,0.3235,0.3259,0.2531
Sycamore maple,Acer pseudoplatanus L.,an03r0114.txt,an03t0114.txt,2,1.49,9.1,3.36,12.46,3.61,-999,0.0099,0.0043,-999,0.0911,0.2815,0.3774,0.3931,0.2997
Sycamore maple,Acer pseudoplatanus L.,an03r0115.txt,an03t0115.txt,2,1.5,15.91,5.27,21.18,5.47,-999,0.0086,0.0044,-999,0.0584,0.2493,0.3916,0.3911,0.2988
Sycamore maple,Acer pseudoplatanus L.,an03r0116.txt,an03t0116.txt,2,1.43,16.64,4.91,21.55,6.11,-999,0.0086,0.004,-999,-999,-999,-999,-999,-999
Sycamore maple,Acer pseudoplatanus L.,an03r0117.txt,an03t0117.txt,2,1.31,6.45,1.88,8.33,2.9,-999,0.0092,0.0031,14.5,0.1431,0.3152,0.4069,0.4135,0.3283
Sycamore maple,Acer pseudoplatanus L.,an03r0118.txt,an03t0118.txt,2,1.3,6.12,1.6,7.72,2.88,-999,0.0099,0.0033,13.5,0.1303,0.287,0.3623,0.3705,0.3006
Sycamore maple,Acer pseudoplatanus L.,an03r0119.txt,an03t0119.txt,2,1.35,6.67,1.74,8.41,3.06,-999,0.009,0.0034,15.2,0.1362,0.3215,0.4162,0.4288,0.3358
Sycamore maple,Acer pseudoplatanus L.,an03r0120.txt,an03t0120.txt,2,1.37,7.48,2.51,9.99,3.06,-999,0.009,0.0034,16.1,0.1118,0.2745,0.3562,0.3707,0.296
Sycamore maple,Acer pseudoplatanus L.,an03r0121.txt,an03t0121.txt,2,1.36,8.72,2.38,11.1,4.64,-999,0.0081,0.0035,16.5,0.0972,0.2922,0.4206,0.4082,0.3181
Sycamore maple,Acer pseudoplatanus L.,an03r0122.txt,an03t0122.txt,2,1.29,7.94,2.23,10.17,3.73,-999,0.0092,0.003,17,0.1053,0.2905,0.3736,0.4028,0.3061
Sycamore maple,Acer pseudoplatanus L.,an03r0123.txt,an03t0123.txt,2,1.31,5.44,1.64,7.08,2.47,-999,0.008,0.0019,11,0.1398,0.284,0.3722,0.3648,0.2945
Sycamore maple,Acer pseudoplatanus L.,an03r0124.txt,an03t0124.txt,2,1.28,5.06,1.94,7.01,2.01,-999,0.0079,0.0019,11.1,0.157,0.3379,0.4193,0.4345,0.3449
Sycamore maple,Acer pseudoplatanus L.,an03r0125.txt,an03t0125.txt,2,1.33,11.55,3.22,14.77,4.12,-999,0.0079,0.0022,21.4,0.0838,0.2895,0.3991,0.418,0.3254
Sycamore maple,Acer pseudoplatanus L.,an03r0126.txt,an03t0126.txt,2,1.32,13.39,4.04,17.43,4.35,-999,0.0078,0.0022,21.8,0.0762,0.2817,0.4048,0.4117,0.3288
Sycamore maple,Acer pseudoplatanus L.,an03r0127.txt,an03t0127.txt,2,1.4,6.93,2.37,9.3,2.87,-999,0.0075,0.0025,17.1,0.1052,0.2822,0.3752,0.3783,0.2975
Sycamore maple,Acer pseudoplatanus L.,an03r0128.txt,an03t0128.txt,2,1.35,7.25,2.41,9.66,2.93,-999,0.0076,0.0022,15.8,0.1029,0.2504,0.3605,0.3494,0.2707
Sycamore maple,Acer pseudoplatanus L.,an03r0129.txt,an03t0129.txt,2,1.23,9.59,2.57,12.16,4.02,-999,0.0084,0.0024,19.2,0.1043,0.3082,0.4064,0.426,0.3335
Sycamore maple,Acer pseudoplatanus L.,an03r0130.txt,an03t0130.txt,2,1.22,10.16,2.86,13.02,4.27,-999,0.0079,0.0022,21.9,0.0816,0.2867,0.3499,0.3923,0.3002
Sycamore maple,Acer pseudoplatanus L.,an03r0131.txt,an03t0131.txt,2,1.21,4.06,1.38,5.45,2.75,-999,0.0125,0.0046,8,0.1685,0.2951,0.3545,0.3634,0.2822
Sycamore maple,Acer pseudoplatanus L.,an03r0132.txt,an03t0132.txt,2,1.05,3.05,1.32,4.37,1.85,-999,0.0113,0.0039,5.2,0.235,0.3491,0.4178,0.421,0.3402
Sycamore maple,Acer pseudoplatanus L.,an03r0133.txt,an03t0133.txt,2,1.41,8.37,3.32,11.69,4.64,-999,0.0108,0.005,17.6,0.1059,0.2809,0.3742,0.3958,0.2993
Sycamore maple,Acer pseudoplatanus L.,an03r0134.txt,an03t0134.txt,2,1.4,9.74,3.45,13.19,5.37,-999,0.0121,0.0055,17.9,0.093,0.2662,0.3595,0.3682,0.2805
Sycamore maple,Acer pseudoplatanus L.,an03r0135.txt,an03t0135.txt,2,1.42,12.83,3.98,16.81,5.59,-999,0.0091,0.0048,20.7,0.0801,0.2759,0.3991,0.4004,0.3139
Sycamore maple,Acer pseudoplatanus L.,an03r0136.txt,an03t0136.txt,2,1.37,11.41,3.07,14.48,5.5,-999,0.0099,0.0044,20.3,0.1425,0.2831,0.341,0.3594,0.2775
Sycamore maple,Acer pseudoplatanus L.,an03r0137.txt,an03t0137.txt,2,1.33,5.84,1.94,7.78,3.41,-999,0.0132,0.0053,12.3,0.147,0.2865,0.3653,0.373,0.2881
Sycamore maple,Acer pseudoplatanus L.,an03r0138.txt,an03t0138.txt,2,1.33,7.13,2.4,9.54,3.71,-999,0.0122,0.0051,14.8,0.1163,0.278,0.3614,0.3745,0.285
Sycamore maple,Acer pseudoplatanus L.,an03r0139.txt,an03t0139.txt,2,1.45,56.03,17.26,73.28,21.18,-999,0.0117,0.0055,46.8,0.0183,0.1775,0.382,0.3881,0.2981
Sycamore maple,Acer pseudoplatanus L.,an03r0140.txt,an03t0140.txt,2,1.48,57.85,18.3,76.15,22.48,-999,0.0128,0.0066,47.7,0.0167,0.1724,0.3605,0.3829,0.2932
Sycamore maple,Acer pseudoplatanus L.,an03r0141.txt,an03t0141.txt,2,1.5,27.55,8.02,35.57,9.74,-999,0.0146,0.0047,33.7,0.0434,0.2393,0.3984,0.4021,0.3094
Sycamore maple,Acer pseudoplatanus L.,an03r0142.txt,an03t0142.txt,2,1.48,27.66,7.7,35.36,9.14,-999,0.0151,0.005,32.5,0.0454,0.2286,0.3939,0.3974,0.306
Sycamore maple,Acer pseudoplatanus L.,an03r0143.txt,an03t0143.txt,2,1.4,67.21,20.31,87.52,23,-999,0.0127,0.0059,55.3,0.0115,0.1589,0.364,0.3775,0.2916
Sycamore maple,Acer pseudoplatanus L.,an03r0144.txt,an03t0144.txt,2,1.42,69.04,22.38,91.42,25.28,-999,0.0124,0.006,53.7,0.0127,0.1619,0.3828,0.3852,0.2994
Sycamore maple,Acer pseudoplatanus L.,an03r0145.txt,an03t0145.txt,2,1.44,55.4,18.81,74.21,19.88,-999,0.011,0.0052,50.8,0.0138,0.1634,0.3419,0.3521,0.2685
Sycamore maple,Acer pseudoplatanus L.,an03r0146.txt,an03t0146.txt,2,1.47,62.59,19.99,82.58,22.72,-999,0.0123,0.006,50.7,0.0149,0.1608,0.3419,0.3581,0.2806
Sycamore maple,Acer pseudoplatanus L.,an03r0147.txt,an03t0147.txt,2,1.33,23.27,6.93,30.2,7.94,-999,0.0095,0.0024,30.2,0.05,0.2478,0.3848,0.3964,0.3182
Sycamore maple,Acer pseudoplatanus L.,an03r0148.txt,an03t0148.txt,2,1.33,20.64,6.33,26.97,7.13,-999,0.0101,0.0025,29.2,0.0526,0.2497,0.3967,0.4004,0.3231
Sycamore maple,Acer pseudoplatanus L.,an03r0149.txt,an03t0149.txt,2,1.31,20.26,5.89,26.15,6.7,-999,0.0104,0.0032,27.6,0.0595,0.2827,0.4194,0.4368,0.3451
Sycamore maple,Acer pseudoplatanus L.,an03r0150.txt,an03t0150.txt,2,1.27,18.09,6.16,24.25,7.29,-999,0.0099,0.0028,26.7,0.0662,0.2835,0.4204,0.426,0.3413
Sycamore maple,Acer pseudoplatanus L.,an03r0151.txt,an03t0151.txt,2,1.22,16.56,4.46,21.03,6.53,-999,0.009,0.0025,24.1,0.0744,0.293,0.4366,0.4446,0.3547
Sycamore maple,Acer pseudoplatanus L.,an03r0152.txt,an03t0152.txt,2,1.23,16.57,4.37,20.94,6.25,-999,0.0091,0.0025,25.1,0.0704,0.2818,0.4101,0.4249,0.3426
Sycamore maple,Acer pseudoplatanus L.,an03r0153.txt,an03t0153.txt,2,1.57,23.83,6.18,30.01,8.31,-999,0.0136,0.004,31.5,0.0404,0.2418,0.3749,0.3879,0.2984
Sycamore maple,Acer pseudoplatanus L.,an03r0154.txt,an03t0154.txt,2,1.54,24.8,6.82,31.62,8.62,-999,0.0132,0.0037,32.4,0.0441,0.2491,0.4043,0.4081,0.3173
Sycamore maple,Acer pseudoplatanus L.,an03r0155.txt,an03t0155.txt,2,1.66,62.32,22.02,84.34,20.86,-999,0.014,0.0059,59.7,0.0077,0.1335,0.3078,0.317,0.2432
Sycamore maple,Acer pseudoplatanus L.,an03r0156.txt,an03t0156.txt,2,1.59,59.3,20.55,79.85,19.51,-999,0.0134,0.0052,57.3,0.0094,0.1486,0.3521,0.3494,0.2677
Sycamore maple,Acer pseudoplatanus L.,an03r0157.txt,an03t0157.txt,2,1.82,61.52,21.8,83.32,20.57,-999,0.0142,0.0063,64.8,0.0062,0.1181,0.2954,0.2999,0.223
Sycamore maple,Acer pseudoplatanus L.,an03r0158.txt,an03t0158.txt,2,1.81,60.02,21.13,81.15,19.56,-999,0.0153,0.0062,63.5,0.0056,0.1242,0.3139,0.3161,0.2327
Sycamore maple,Acer pseudoplatanus L.,an03r0159.txt,an03t0159.txt,2,1.64,74.76,28.78,103.54,23.95,-999,0.0132,0.007,63.7,0.0066,0.1291,0.3357,0.3466,0.2609
Sycamore maple,Acer pseudoplatanus L.,an03r0160.txt,an03t0160.txt,2,1.72,73.5,28.15,101.65,23.25,-999,0.0124,0.0054,66.3,0.0055,0.1296,0.3311,0.3429,0.2604
Sycamore maple,Acer pseudoplatanus L.,an03r0161.txt,an03t0161.txt,2,1.66,76.83,29.88,106.72,24.22,-999,0.0147,0.0061,68.7,0.0052,0.1297,0.3361,0.3462,0.2626
Sycamore maple,Acer pseudoplatanus L.,an03r0162.txt,an03t0162.txt,2,1.58,76.3,28.8,105.09,24.13,-999,0.0158,0.0065,68.8,0.0054,0.1252,0.3328,0.3373,0.258
Sycamore maple,Acer pseudoplatanus L.,an03r0163.txt,an03t0163.txt,2,1.68,68.42,23.94,92.36,22.22,-999,0.0166,0.0061,70.7,0.0052,0.1414,0.3559,0.3538,0.277
Sycamore maple,Acer pseudoplatanus L.,an03r0164.txt,an03t0164.txt,2,1.75,68.1,24.65,92.75,22.1,-999,0.0165,0.0059,70,0.0048,0.1262,0.3132,0.3302,0.2443
Sycamore maple,Acer pseudoplatanus L.,an03r0165.txt,an03t0165.txt,2,1.58,18.39,6.8,25.19,8.19,-999,0.0114,0.0059,31,-999,-999,-999,-999,-999
Sycamore maple,Acer pseudoplatanus L.,an03r0166.txt,an03t0166.txt,2,1.42,29.72,8.84,38.55,10.31,-999,0.0129,0.0062,32,0.0406,0.2373,0.3883,0.399,0.3063
Sycamore maple,Acer pseudoplatanus L.,an03r0167.txt,an03t0167.txt,2,1.55,41,12.3,53.3,16.43,-999,0.0141,0.0105,45.4,0.0199,0.1893,0.3646,0.3722,0.2832
Sycamore maple,Acer pseudoplatanus L.,an03r0168.txt,an03t0168.txt,2,1.39,21.78,5.79,27.56,8.46,-999,0.008,0.0055,29.4,0.057,0.2663,0.404,0.4191,0.3281
Sycamore maple,Acer pseudoplatanus L.,an03r0169.txt,an03t0169.txt,2,1.4,18.62,5.75,24.37,6.78,-999,0.0092,0.0052,27,0.0594,0.2712,0.39,0.4086,0.3218
Sycamore maple,Acer pseudoplatanus L.,an03r0170.txt,an03t0170.txt,2,1.48,35.99,12.09,48.08,13.23,-999,0.0132,0.0095,43.1,0.024,0.211,0.3652,0.3896,0.2969
Sycamore maple,Acer pseudoplatanus L.,an03r0171.txt,an03t0171.txt,2,1.54,48.54,15.01,63.54,16.76,-999,0.013,0.0079,47,0.0196,0.1856,0.3961,0.3815,0.2931
Sycamore maple,Acer pseudoplatanus L.,an03r0172.txt,an03t0172.txt,2,1.35,13.04,3.93,16.97,5.81,-999,0.0142,0.0065,19.8,0.1042,0.315,0.4181,0.4178,0.3285
Sycamore maple,Acer pseudoplatanus L.,an03r0173.txt,an03t0173.txt,2,1.41,14.93,5.22,20.15,5.35,-999,0.014,0.006,20.2,0.0848,0.2785,0.3952,0.4017,0.3091
Sycamore maple,Acer pseudoplatanus L.,an03r0174.txt,an03t0174.txt,2,1.43,26.75,7.27,34.02,10.09,-999,0.0131,0.007,31.2,0.0491,0.2453,0.4106,0.4059,0.3108
Filbert,Corylus maxima 'Purpurea',an03r0175.txt,an03t0175.txt,2,1.51,60.38,18.42,78.8,20.06,-999,0.0097,0.0071,51.1,0.0152,0.1944,0.3756,0.4027,0.3227
Filbert,Corylus maxima 'Purpurea',an03r0176.txt,an03t0176.txt,2,1.24,7.19,0.71,7.9,6.77,-999,0.0082,0.0046,8.2,0.1557,0.318,0.407,0.4146,0.314
Filbert,Corylus maxima 'Purpurea',an03r0177.txt,an03t0177.txt,2,1.23,6.7,1.25,7.95,6.77,-999,0.0078,0.004,9.9,0.1714,0.3584,0.4427,0.4572,0.3537
Black locust,Robinia pseudoacacia 'Frisia' ,an03r0178.txt,an03t0178.txt,2,1.4,0.58,0.56,1.14,6.88,-999,0.0083,0.0033,-999,0.3605,0.3706,0.4338,0.4365,0.345
Black locust,Robinia pseudoacacia 'Frisia' ,an03r0179.txt,an03t0179.txt,2,1.7,0.57,0.3,0.87,7.24,-999,0.0044,0.0039,-999,0.2842,0.3147,0.3865,0.3869,0.3028
Black locust,Robinia pseudoacacia L. ,an03r0180.txt,an03t0180.txt,2,1.51,46.36,15.11,61.48,13.9,-999,0.0101,0.0053,41.7,0.0254,0.2004,0.4001,0.4065,0.3186
Black locust,Robinia pseudoacacia L. ,an03r0181.txt,an03t0181.txt,2,1.42,53.38,17.1,70.48,16.16,-999,0.0104,0.005,40.4,0.0293,0.215,0.4124,0.421,0.3296
Black locust,Robinia pseudoacacia L. ,an03r0182.txt,an03t0182.txt,2,1.08,10.49,1.13,11.62,3.67,-999,0.0075,0.0029,14.3,0.1327,0.3396,0.4579,0.4569,0.3665
Black locust,Robinia pseudoacacia L. ,an03r0183.txt,an03t0183.txt,2,1.17,10.43,1.01,11.44,3.54,-999,0.0071,0.003,14.5,0.1462,0.3512,0.4471,0.4586,0.3701
Red-barked dogwood,Cornus alba 'Elegantissima' ,an03r0184.txt,an03t0184.txt,2,1.27,0.64,0.53,1.17,0,-999,0.0081,0.0024,-999,0.3624,0.3811,0.4713,0.4378,0.3436
Red-barked dogwood,Cornus alba 'Elegantissima',an03r0185.txt,an03t0185.txt,2,1.27,0.46,0.32,0.78,0,-999,0.0082,0.0021,-999,0.3851,0.3863,0.4417,0.4301,0.3358
Red-barked dogwood,Cornus alba 'Elegantissima' ,an03r0186.txt,an03t0186.txt,2,1.53,31.39,9.78,41.17,7.9,-999,0.0085,0.0038,38.6,0.029,0.2122,0.3907,0.3713,0.2887
Red-barked dogwood,Cornus alba 'Elegantissima' ,an03r0187.txt,an03t0187.txt,2,1.53,34.24,10.89,45.13,9.07,-999,0.0075,0.0039,38,0.0302,0.2233,0.3428,0.3681,0.3016
Red-barked dogwood,Cornus alba 'Elegantissima' ,an03r0188.txt,an03t0188.txt,2,1.58,24.56,7.38,31.94,6.44,-999,0.0081,0.0037,32.7,0.047,0.242,0.3576,0.3797,0.2993
Red-barked dogwood,Cornus alba 'Elegantissima' ,an03r0189.txt,an03t0189.txt,2,1.67,24.56,7.89,32.44,6.82,-999,0.0086,0.0037,33.5,0.0408,0.2512,0.3935,0.4019,0.3104
Laurustinus,Viburnum tinus L. ,an03r0190.txt,an03t0190.txt,2,1.58,12.53,3.75,16.29,5.25,-999,0.0146,0.0073,21.6,0.0842,0.274,0.3891,0.3825,0.2947
Laurustinus,Viburnum tinus L. ,an03r0191.txt,an03t0191.txt,2,1.56,13.24,3.73,16.97,6.44,-999,0.0145,0.0074,20.6,0.0734,0.2616,0.3752,0.3695,0.281
Laurustinus,Viburnum tinus L. ,an03r0192.txt,an03t0192.txt,2,1.82,47.37,17.64,65.01,17.47,-999,0.0157,0.0135,56.1,0.0108,0.1643,0.3213,0.3256,0.2487
Laurustinus,Viburnum tinus L. ,an03r0193.txt,an03t0193.txt,2,1.86,52.66,21.49,74.15,18.41,-999,0.0176,0.0138,56.1,0.0101,0.1554,0.317,0.3161,0.2434
Laurustinus,Viburnum tinus L. ,an03r0194.txt,an03t0194.txt,2,1.82,27.42,9.59,37.01,9.91,-999,0.0136,0.01,39.5,0.0293,0.2113,0.3475,0.352,0.2696
Laurustinus,Viburnum tinus L.,an03r0195.txt,an03t0195.txt,2,1.78,28.02,10.29,38.32,9.54,-999,0.0125,0.0087,38.6,0.0284,0.2102,0.3682,0.3633,0.2753
Dwarf schefflera,Schefflera arboricola 'Gold Capella' ,an03r0196.txt,an03t0196.txt,2,1.68,2.83,2.61,5.44,1.08,-999,0.0326,0.0079,5.1,0.2019,0.3249,0.3785,0.3855,0.2767
Dwarf schefflera,Schefflera arboricola 'Gold Capella' ,an03r0197.txt,an03t0197.txt,2,1.68,2.6,1.74,4.34,1.59,-999,0.0316,0.0081,7.6,0.1961,0.3158,0.3773,0.3815,0.2714
Dwarf schefflera,Schefflera arboricola 'Gold Capella' ,an03r0198.txt,an03t0198.txt,2,1.48,25.82,9.1,34.92,8.1,-999,0.0257,0.0083,-999,0.0228,0.2269,0.3839,0.3964,0.2837
Dwarf schefflera,Schefflera arboricola 'Gold Capella' ,an03r0199.txt,an03t0199.txt,2,1.5,24.71,9.04,33.74,7.84,-999,0.0252,0.0081,-999,0.0225,0.2266,0.3807,0.3904,0.2802
Dwarf schefflera,Schefflera arboricola 'Gold Capella' ,an03r0200.txt,an03t0200.txt,2,1.73,34.01,13.16,47.18,11.32,-999,0.0265,0.0116,-999,0.0081,0.1828,0.354,0.3606,0.2565
Dwarf schefflera,Schefflera arboricola 'Gold Capella' ,an03r0201.txt,an03t0201.txt,2,1.76,28.85,10.78,39.63,11.05,-999,0.0253,0.011,-999,0.0085,0.1882,0.3717,0.3605,0.2577
Sycamore maple,Acer pseudoplatanus L.,an03r0202.txt,an03t0202.txt,2,1.36,15.56,4.91,20.47,5.3,-999,0.0088,0.0023,24.3,0.0667,0.3017,0.4165,0.4446,0.3501
Sycamore maple,Acer pseudoplatanus L.,an03r0203.txt,an03t0203.txt,2,1.36,16.54,4.81,21.35,5.77,-999,0.0088,0.0023,23.9,0.0655,0.2945,0.421,0.4417,0.3483
Sycamore maple,Acer pseudoplatanus L.,an03r0204.txt,an03t0204.txt,2,1.39,16.11,4.91,21.01,5.47,-999,0.0079,0.0022,24.3,0.0618,0.2724,0.3757,0.3979,0.3181
Sycamore maple,Acer pseudoplatanus L.,an03r0205.txt,an03t0205.txt,2,1.39,15.83,4.83,20.66,5.51,-999,0.0079,0.0024,24.3,0.0582,0.2498,0.3592,0.3649,0.3011
Sycamore maple,Acer pseudoplatanus L.,an03r0206.txt,an03t0206.txt,2,1.32,14.35,4.27,18.62,4.98,-999,0.0077,0.0023,23.1,0.0741,0.2972,0.4146,0.431,0.3437
Sycamore maple,Acer pseudoplatanus L.,an03r0207.txt,an03t0207.txt,2,1.33,14.61,4.44,19.05,5.16,-999,0.0081,0.0022,22.8,0.0751,0.2753,0.4041,0.4046,0.3243
Tuliptree,Liriodendron tulipifera L. ,an03r0208.txt,an03t0208.txt,2,1.55,31.26,10.44,41.69,14.27,-999,0.0101,0.0044,37.9,0.0309,0.2311,0.3616,0.3929,0.3082
Tuliptree,Liriodendron tulipifera L. ,an03r0209.txt,an03t0209.txt,2,1.43,27.2,8.82,36.01,14.48,-999,0.0106,0.0045,32.7,0.0472,0.2376,0.3831,0.3913,0.3093
Japanese snowball,Viburnum plicatum 'Lanarth' ,an03r0210.txt,an03t0210.txt,2,1.79,46.05,15.94,61.99,12.18,-999,0.012,0.0068,56.6,0.0112,0.1771,0.3527,0.362,0.2797
Japanese snowball,Viburnum plicatum 'Lanarth' ,an03r0211.txt,an03t0211.txt,2,1.77,40.27,12.67,52.94,11.81,-999,0.0102,0.0061,52,0.0139,0.1864,0.3592,0.3651,0.2791
European chestnut,Castanea sativa,an03r0212.txt,an03t0212.txt,2,1.39,28.39,8.25,36.64,8.62,-999,0.0073,0.0063,37.9,0.035,0.2357,0.3933,0.4228,0.3255
European chestnut,Castanea sativa,an03r0213.txt,an03t0213.txt,2,1.41,23.49,7.14,30.62,6.67,-999,0.0089,0.0066,32.6,0.0454,0.266,0.4237,0.4399,0.3401
Portugal laurel,Prunus lusitanica L.,an03r0214.txt,an03t0214.txt,2,2.05,53.21,19.6,72.81,18.19,-999,0.0194,0.0157,70.9,0.0044,0.1383,0.2949,0.2928,0.2149
Portugal laurel,Prunus lusitanica L.,an03r0215.txt,an03t0215.txt,2,1.94,19.28,5.09,24.37,7.34,-999,0.0145,0.0103,32.9,0.036,0.2411,0.3503,0.3683,0.273
English walnut,Juglans regia  L.,an03r0216.txt,an03t0216.txt,2,1.59,38.67,13.19,51.86,20.6,-999,0.0133,0.0079,43.6,0.0241,0.2177,0.3852,0.3945,0.2973
English walnut,Juglans regia  L.,an03r0217.txt,an03t0217.txt,2,1.52,30.4,12.46,42.86,19.82,-999,0.0117,0.0068,36,0.0384,0.2463,0.3992,0.4133,0.3114
Cherry laurel,Prunus laurocerasus L.,an03r0218.txt,an03t0218.txt,2,2.1,26.53,9.07,35.6,6.89,-999,0.0181,0.0091,47,0.0162,0.2006,0.348,0.3471,0.2541
Cherry laurel,Prunus laurocerasus L.,an03r0219.txt,an03t0219.txt,2,1.95,17.57,5.32,22.89,4.66,-999,0.0197,0.0094,36.7,0.032,0.2312,0.3249,0.3492,0.253
Otto Luyken English laurel,Prunus laurocerasus 'Otto Luyken' ,an03r0220.txt,an03t0220.txt,2,1.98,53.11,16.96,70.07,18.87,-999,0.0214,0.0131,67.9,0.0053,0.1347,0.3091,0.2992,0.2239
Otto Luyken English laurel,Prunus laurocerasus 'Otto Luyken' ,an03r0221.txt,an03t0221.txt,2,2,47.45,15.3,62.75,15.21,-999,0.0213,0.0128,64.9,0.0074,0.1599,0.3345,0.3302,0.2405
Staghorn sumac,Rhus typhina L. ,an03r0222.txt,an03t0222.txt,2,1.52,29.59,9.07,38.66,10.29,-999,0.0096,0.0069,30.8,0.0522,0.2358,0.3834,0.3833,0.3018
Staghorn sumac,Rhus typhina L. ,an03r0223.txt,an03t0223.txt,2,1.48,25.66,7.54,33.2,10.36,-999,0.009,0.0074,29.5,0.054,0.2555,0.3775,0.3963,0.3088
Wine grape,Vitis vinifera L,an03r0224.txt,an03t0224.txt,2,1.47,12.69,4.47,17.16,5.73,-999,0.0105,0.0051,22.7,0.0785,0.2813,0.4075,0.411,0.3198
Wine grape,Vitis vinifera L,an03r0225.txt,an03t0225.txt,2,1.29,14.11,4.9,19.02,5.43,-999,0.0095,0.0041,19.5,0.1176,0.3058,0.4396,0.432,0.3417
Boston ivy,Parthenocissus tricuspidata,an03r0226.txt,an03t0226.txt,2,1.64,9.32,3.7,13.02,4.47,-999,0.0134,0.0051,22.6,0.0684,0.2745,0.3834,0.3868,0.2964
Boston ivy,Parthenocissus tricuspidata,an03r0227.txt,an03t0227.txt,2,1.32,11.1,3.66,14.76,4.23,-999,0.0142,0.0046,19.4,0.1068,0.3075,0.4084,0.4177,0.3279
European alder,Alnus glutinosa L.,an03r0228.txt,an03t0228.txt,2,1.68,52.64,20.96,73.6,14.02,-999,0.0107,0.0056,51.8,0.0166,0.188,0.3711,0.3827,0.2954
European alder,Alnus glutinosa L.,an03r0229.txt,an03t0229.txt,2,1.52,43.86,14.86,58.72,11.7,-999,0.009,0.0058,39.2,0.0279,0.2136,0.3934,0.4103,0.3183
Silver linden,Tilia tomentosa,an03r0230.txt,an03t0230.txt,2,1.88,44.15,16.04,60.19,12.27,-999,0.0081,0.0072,50.1,0.0153,0.1856,0.3618,0.3663,0.2847
Silver linden,Tilia tomentosa,an03r0231.txt,an03t0231.txt,2,2.04,23.98,7.42,31.39,7.14,-999,0.007,0.0073,36.6,0.0298,0.2027,0.3445,0.3414,0.2603
Pin oak,Quercus palustris,an03r0232.txt,an03t0232.txt,2,1.31,40.04,14.28,54.32,10.67,-999,0.0061,0.0057,36.5,0.0428,0.2407,0.4328,0.4391,0.3506
Pin oak,Quercus palustris,an03r0233.txt,an03t0233.txt,2,1.26,34.86,12.64,47.5,9.97,-999,0.005,0.005,35.4,0.0449,0.2601,0.4366,0.4497,0.357
European privet,Ligustrum vulgare,an03r0234.txt,an03t0234.txt,2,2.05,40.45,12.24,52.69,13.62,-999,0.0185,0.0121,67.7,0.0058,0.1723,0.324,0.3446,0.2539
European privet,Ligustrum vulgare,an03r0235.txt,an03t0235.txt,2,2.06,15.03,4.83,19.87,4.84,-999,0.014,0.0064,33,0.0368,0.2339,0.3381,0.348,0.2489
Large gray willow,Salix atrocinerea,an03r0236.txt,an03t0236.txt,2,1.73,38.06,12.27,50.33,8.5,-999,0.0075,0.0069,46.4,0.0184,0.1863,0.3626,0.363,0.2793
Large gray willow,Salix atrocinerea,an03r0237.txt,an03t0237.txt,2,1.56,42.53,13.52,56.05,10.49,-999,0.0113,0.0084,47.4,0.0202,0.1908,0.3658,0.3707,0.2877
White poplar,Populus alba L.,an03r0238.txt,an03t0238.txt,2,2.71,41.76,15.38,57.14,12.29,-999,0.0089,0.0066,44.6,0.0163,0.1392,0.2757,0.2696,0.217
White poplar,Populus alba L.,an03r0239.txt,an03t0239.txt,2,2.69,43.54,17.61,61.15,11.74,-999,0.0089,0.0063,46.5,0.0151,0.144,0.2737,0.2795,0.2217
English ivy,Hedera helix 'Dentata Variegata',an03r0240.txt,an03t0240.txt,2,1.79,37.93,13.66,51.58,12.75,-999,0.0183,0.0098,55.9,0.0121,0.1784,0.3628,0.3615,0.267
English ivy,Hedera helix 'Dentata Variegata',an03r0241.txt,an03t0241.txt,2,1.9,1.01,0.74,1.75,0.68,-999,0.0157,0.0047,1.7,0.2471,0.338,0.361,0.3881,0.2905
Holly oak,Quercus ilex L.,an03r0242.txt,an03t0242.txt,2,2.43,40.76,14.47,55.23,10.85,-999,0.0127,0.015,51.3,0.0143,0.1415,0.319,0.3077,0.2349
Holly oak,Quercus ilex L.,an03r0243.txt,an03t0243.txt,2,2.41,39.92,14.68,54.6,10.18,-999,0.013,0.015,50.8,0.0126,0.1413,0.2825,0.2969,0.2242
Leatherleaf arrowwood,Viburnum rhytidophyllum,an03r0244.txt,an03t0244.txt,2,2.35,43.27,11.28,54.55,10.72,-999,0.0119,0.0092,54.2,0.012,0.1415,0.3108,0.298,0.2309
Leatherleaf arrowwood,Viburnum rhytidophyllum,an03r0245.txt,an03t0245.txt,2,2.16,36.38,10.21,46.59,9.49,-999,0.0126,0.0085,50.4,0.0138,0.1546,0.3235,0.3075,0.2352
Rhododendron calophytum,Rhododendron calophytum,an03r0246.txt,an03t0246.txt,2,2.02,49.64,16.6,66.23,14.44,-999,0.0155,0.0117,53.9,0.0112,0.1491,0.2941,0.3206,0.2428
Rhododendron calophytum,Rhododendron calophytum,an03r0247.txt,an03t0247.txt,2,2,38.74,13.63,52.37,10.95,-999,0.0158,0.0108,47.7,0.0163,0.1678,0.31,0.3309,0.2522
Sweetgum,Liquidambar styraciflua L.,an03r0248.txt,an03t0248.txt,2,1.54,27.96,8.93,36.89,9.7,-999,0.0105,0.0055,35.9,0.0371,0.2384,0.4135,0.4096,0.3158
Sweetgum,Liquidambar styraciflua L.,an03r0249.txt,an03t0249.txt,2,1.58,21.75,6.22,27.97,8.3,-999,0.0111,0.0078,31,0.0495,0.2502,0.3916,0.3885,0.3048
Wintercreeper,Euonymus fortunei 'Silver Queen',an03r0250.txt,an03t0250.txt,2,1.57,0.85,0.48,1.33,2.35,-999,0.0166,0.0033,0.9,0.2545,0.3423,0.4086,0.4023,0.3061
Wintercreeper,Euonymus fortunei 'Silver Queen',an03r0251.txt,an03t0251.txt,2,1.54,8.71,1.52,10.23,2.84,-999,0.0169,0.0036,14.1,0.1215,0.3244,0.3924,0.4077,0.3113
Wintercreeper,Euonymus fortunei 'Emerald'n' Gold',an03r0252.txt,an03t0252.txt,2,1.67,28.36,9.26,37.62,8.01,-999,0.0167,0.0046,39.6,0.0247,0.2186,0.3852,0.385,0.2907
Wintercreeper,Euonymus fortunei Hand.-Mazz ,an03r0253.txt,an03t0253.txt,2,1.83,20.69,6.3,26.98,7.71,-999,0.0217,0.0071,35,0.035,0.2407,0.3515,0.3669,0.2725
Wintercreeper,Euonymus fortunei 'Ovatus Aureus' ,an03r0254.txt,an03t0254.txt,2,1.93,0.41,0.51,0.92,0.67,-999,0.0157,0.0058,-999,0.3179,0.3185,0.3573,0.3628,0.27
Wintercreeper,Euonymus fortunei 'Ovatus Aureus',an03r0255.txt,an03t0255.txt,2,2.02,34.8,10.79,45.59,10.8,-999,0.015,0.0083,66.1,0.0085,0.17,0.332,0.3475,0.2587
Sycamore maple,Acer pseudoplatanus L.,an03r0256.txt,an03t0256.txt,2,1.67,22.53,6.9,29.43,7.78,-999,0.0109,0.0036,-999,-999,-999,-999,-999,-999
Geranium,Geranium,an03r0257.txt,an03t0257.txt,2,1.78,0.99,0.3,1.29,0.06,-999,0.0179,0.0018,46.7,0.0177,0.2082,0.3566,0.368,0.2806
Variegated boxelder,Acer negundo 'Variegatum',an03r0258.txt,an03t0258.txt,2,1.2,0.72,0.83,1.56,0.04,-999,0.0084,0.0022,-999,0.368,0.4064,0.4546,0.4599,0.3699
Variegated boxelder,Acer negundo 'Variegatum',an03r0259.txt,an03t0259.txt,2,1.22,20.39,6.56,26.96,8.04,-999,0.0108,0.0042,33.3,0.043,0.2381,0.4043,0.4125,0.3235
European smoketree,Cotinus coggygria ,an03r0260.txt,an03t0260.txt,2,1.71,29.56,9.02,38.58,12.01,-999,0.0115,0.0092,46.8,0.0179,0.1879,0.3669,0.3704,0.2835
Judas-tree,Cercis siliquastrum,an03r0261.txt,an03t0261.txt,2,1.45,24.42,7.06,31.48,9.23,-999,0.0114,0.0058,31.8,0.043,0.2349,0.4121,0.412,0.323
Judas-tree,Cercis siliquastrum ,an03r0262.txt,an03t0262.txt,2,1.42,17.75,5.3,23.05,6.91,-999,0.0124,0.0056,24.9,0.069,0.283,0.4116,0.4254,0.3349
Beautyberry,Calicarpa bodinieri,an03r0263.txt,an03t0263.txt,2,1.46,11.07,4.09,15.16,5.83,-999,0.0129,0.0072,20.4,0.0947,0.2835,0.4006,0.3961,0.3061
Beautyberry,Calicarpa bodinieri,an03r0264.txt,an03t0264.txt,2,1.56,15.38,5.93,21.31,7.68,-999,0.0112,0.0071,26.9,0.064,0.265,0.3856,0.39,0.3
Common lilac,Syringa vulgaris L.,an03r0265.txt,an03t0265.txt,2,1.56,47.3,15.63,62.93,15.39,-999,0.0146,0.0084,50.6,0.0164,0.1996,0.3948,0.4,0.305
Common lilac,Syringa vulgaris L.,an03r0266.txt,an03t0266.txt,2,1.62,41.05,14.62,55.67,12.71,-999,0.0132,0.0072,48,0.018,0.2055,0.3872,0.3944,0.3005
Cider gum,Eucalyptus gunnii,an03r0267.txt,an03t0267.txt,2,1.41,31.63,12.27,43.9,11.25,-999,0.026,0.0112,38.2,0.0316,0.2363,0.4166,0.4152,0.3053
Cider gum,Eucalyptus gunnii,an03r0268.txt,an03t0268.txt,2,1.46,31.81,12,43.8,11.19,-999,0.0264,0.011,36.7,0.033,0.2329,0.4149,0.4117,0.3023
English holly,Ilex aquifolium 'Golden Milkboy',an03r0269.txt,an03t0269.txt,2,2,1.75,0.61,2.36,0.76,-999,0.0259,0.0089,81,0.003,0.1042,0.2956,0.28,0.2003
English holly,Ilex aquifolium 'Golden Milkboy',an03r0270.txt,an03t0270.txt,2,2.22,64.9,22.7,87.6,20.77,-999,0.0287,0.0189,0.6,0.3032,0.3098,0.356,0.3463,0.2491
Holly osmanthus,Osmanthus heterophyllus,an03r0271.txt,an03t0271.txt,2,2.36,26.16,10.95,37.11,9.13,-999,0.0337,0.0331,56.2,0.0077,0.1461,0.2678,0.2623,0.1761
Holly osmanthus,Osmanthus heterophyllus,an03r0272.txt,an03t0272.txt,2,2.48,24.88,11.58,36.46,7.86,-999,0.034,0.0326,56.4,0.0076,0.1486,0.2399,0.2477,0.1742
Hortensia ,Hydrangea macrophylla cv ,an03r0273.txt,an03t0273.txt,2,1.56,18.88,8.4,27.28,5.61,-999,0.018,0.0017,28.8,0.0485,0.2461,0.398,0.3896,0.2912
Hortensia ,Hydrangea macrophylla cv ,an03r0274.txt,an03t0274.txt,2,1.64,32.3,13.99,46.29,9.1,-999,0.0261,0.0034,44.4,0.0201,0.198,0.3791,0.3694,0.2699
Weigela florida,Weigela florida 'Foliis Purpureis',an03r0275.txt,an03t0275.txt,2,1.97,23.82,8.26,32.08,9.14,-999,0.0215,0.0081,35.6,0.0359,0.2078,0.3471,0.3439,0.2535
Weigela florida,Weigela florida 'Foliis Purpureis',an03r0276.txt,an03t0276.txt,2,1.94,21.34,7.88,29.22,6.97,-999,0.0188,0.0091,37.5,0.0282,0.1977,0.3203,0.3268,0.2413
